title,url,thumbnail url,channel name,views,upload time,description
"Game Theory: FNAF, Don't Trust Gregory (FNAF Security Breach)",https://www.youtube.com/watch?v=8ANfAt4hJ6Y,https://i.ytimg.com/vi/8ANfAt4hJ6Y/hqdefault.jpg?sqp=-oaymwEcCPYBEIoBSFXyq4qpAw4IARUAAIhCGAFwAcABBg==&rs=AOn4CLA6eUma4SDUyfsSRQMAR51JK4eH0w,The Game Theorists,4.3M views,1 day ago,"SUBSCRIBE to NEVER miss a Theory! ‚ñ∫ https://goo.gl/kQWHkJ Theorists, it's finally time for a Five Nights At Freddy's Security Breach theory. Well, a post-release FNAF Security Breach..."
Rose Bowl: Ohio State Buckeyes vs. Utah Utes | Full Game Highlights,https://www.youtube.com/watch?v=Ya9g5MDVwZg,https://i.ytimg.com/vi/Ya9g5MDVwZg/hqdefault.jpg?sqp=-oaymwEcCPYBEIoBSFXyq4qpAw4IARUAAIhCGAFwAcABBg==&rs=AOn4CLAN-O9aQDBWens_AkMGJiXBJowuyg,ESPN College Football,537K views,1 day ago,"The Ohio State Buckeyes came back from a 14-point deficit to defeat the Utah Utes, 48-45, in the 108th Rose Bowl Game. C.J. Stroud threw for 573 YDS and 6 TDs for the Buckeyes while Jaxon Smith-Nji..."
THE BANANA IS UNRECOGNIZABLE! Matt's Off Road Recovery Jeep Gets Some Well Deserved Fresh Paint,https://www.youtube.com/watch?v=0nR40QVv3yA,https://i.ytimg.com/vi/0nR40QVv3yA/hqdefault.jpg?sqp=-oaymwEcCPYBEIoBSFXyq4qpAw4IARUAAIhCGAFwAcABBg==&rs=AOn4CLC2QA524N3gtWWDTxthNhJ76xeYUw,Robby Layton,15 hours ago,15 hours ago,"#MattsOffRoadRecovery #RobbyLayton #Repair #FreshPaint #AutoBody We pick up this week right where we left off! The bodywork gets finished up, and the Banana gets prepped for fresh paint. I..."
Day 1 - Here | MOVE - A 30 Day Yoga Journey,https://www.youtube.com/watch?v=tLcHTdzykgk,https://i.ytimg.com/vi/tLcHTdzykgk/hqdefault.jpg?sqp=-oaymwEcCPYBEIoBSFXyq4qpAw4IARUAAIhCGAFwAcABBg==&rs=AOn4CLBNKcPkc2MOvOIVMsExDDKzoLEl6g,Yoga With Adriene,738K views,19 hours ago,"Meet yourself here. The hardest part will be getting here. It won‚Äôt be any pose or bind. The hardest part will be arriving for your daily practice. So let that be named. It‚Äôs day one,..."
A POLICE OFFICER BEAT ME AT SINGING üò∞ü§Ø #shorts,https://www.youtube.com/shorts/aoUzJEHDDBc,https://i.ytimg.com/vi/aoUzJEHDDBc/hq2.jpg,Nathan Davis Jr,1.4M views,16 hours ago,
We Got Married,https://www.youtube.com/watch?v=7pWzi_ATbTU,https://i.ytimg.com/vi/7pWzi_ATbTU/hqdefault.jpg?sqp=-oaymwEcCPYBEIoBSFXyq4qpAw4IARUAAIhCGAFwAcABBg==&rs=AOn4CLDJ1qUrFbwEBJypaoRGiIfn78AQcw,Aaron Burriss,1.2M views,1 day ago,Part 1: Asking Her To Be My Girlfriend- https://youtu.be/BKHur5DQ3gw Part 2: I Proposed- https://youtu.be/0BYobDZutZY When I met Veronica Merrell 4 and a half years ago I already knew I wanted...
1V1 MY EX GFüèÄ,https://www.youtube.com/shorts/6HxjvTKi8A0,https://i.ytimg.com/vi/6HxjvTKi8A0/hq2.jpg,Will Hartzell,11 hours ago,11 hours ago,
Mama Dog Who Lost Her Puppies Was Heartbroken Until She Got Kittens | The Dodo,https://www.youtube.com/watch?v=ByF7swYddEQ,https://i.ytimg.com/vi/ByF7swYddEQ/hqdefault.jpg?sqp=-oaymwEcCPYBEIoBSFXyq4qpAw4IARUAAIhCGAFwAcABBg==&rs=AOn4CLAwvuplwU9sYW-XFi1u7s8VEekoyw,The Dodo,780K views,11 hours ago,Milo was a pregnant stray dog living near the border of Arizona and Mexico when someone found her and brought her to Sunshine Dog Rescue. Her puppies were born premature and none of them survived....
Remembering Betty White,https://www.youtube.com/watch?v=hEmsatm1VQo,https://i.ytimg.com/vi/hEmsatm1VQo/hqdefault.jpg?sqp=-oaymwEcCPYBEIoBSFXyq4qpAw4IARUAAIhCGAFwAcABBg==&rs=AOn4CLCi55tvMfjxY97k7dw_orKMqeAiJA,CBS Sunday Morning,187K views,15 hours ago,"The beloved actress Betty White, star of classic sitcoms and a perennial presence on TV, died Friday, December 31 at the young age of 99. Correspondent Mo Rocca looks back on the life of the..."
OVERNIGHT IN A VENDING MACHINE!!,https://www.youtube.com/watch?v=0Xh3-jP4zRc,https://i.ytimg.com/vi/0Xh3-jP4zRc/hqdefault.jpg?sqp=-oaymwEcCPYBEIoBSFXyq4qpAw4IARUAAIhCGAFwAcABBg==&rs=AOn4CLAvHYUpuqmpGomNj4_kqYtgTsqjRQ,Alexa Rivera,1.9M views,22 hours ago,I hate tight spaces! Thank you guys so much for watching. Don‚Äôt forget to LIKE the video and SUBSCRIBE! @Brent Rivera @Jeremy Hutchins @pierson @Andrew Davila @Stokes Twins @Lexi Hensler...
